Count,Name,Foil,Card Number,Edition,Language,,,,,
1,Chaotic Aether,,1,Planechase Anthology,English,,,,,
1,Interplanar Tunnel,,2,Planechase Anthology,English,,,,,
1,Morphic Tide,,3,Planechase Anthology,English,,,,,
1,Mutual Epiphany,,4,Planechase Anthology,English,,,,,
1,Planewide Disaster,,5,Planechase Anthology,English,,,,,
1,Reality Shaping,,6,Planechase Anthology,English,,,,,
1,Spatial Merging,,7,Planechase Anthology,English,,,,,
1,Time Distortion,,8,Planechase Anthology,English,,,,,
1,Academy at Tolaria West,,9,Planechase Anthology,English,,,,,
1,The Aether Flues,,10,Planechase Anthology,English,,,,,
1,Agyrem,,11,Planechase Anthology,English,,,,,
1,Akoum,,12,Planechase Anthology,English,,,,,
1,Aretopolis,,13,Planechase Anthology,English,,,,,
1,Astral Arena,,14,Planechase Anthology,English,,,,,
1,Bant,,15,Planechase Anthology,English,,,,,
1,Bloodhill Bastion,,16,Planechase Anthology,English,,,,,
1,Celestine Reef,,17,Planechase Anthology,English,,,,,
1,Cliffside Market,,18,Planechase Anthology,English,,,,,
1,The Dark Barony,,19,Planechase Anthology,English,,,,,
1,Edge of Malacol,,20,Planechase Anthology,English,,,,,
1,Eloren Wilds,,21,Planechase Anthology,English,,,,,
1,The Eon Fog,,22,Planechase Anthology,English,,,,,
1,Feeding Grounds,,23,Planechase Anthology,English,,,,,
1,Fields of Summer,,24,Planechase Anthology,English,,,,,
1,The Fourth Sphere,,25,Planechase Anthology,English,,,,,
1,Furnace Layer,,26,Planechase Anthology,English,,,,,
1,Gavony,,27,Planechase Anthology,English,,,,,
1,Glen Elendra,,28,Planechase Anthology,English,,,,,
1,Glimmervoid Basin,,29,Planechase Anthology,English,,,,,
1,Goldmeadow,,30,Planechase Anthology,English,,,,,
1,Grand Ossuary,,31,Planechase Anthology,English,,,,,
1,The Great Forest,,32,Planechase Anthology,English,,,,,
1,Grixis,,33,Planechase Anthology,English,,,,,
1,Grove of the Dreampods,,34,Planechase Anthology,English,,,,,
1,Hedron Fields of Agadeem,,35,Planechase Anthology,English,,,,,
1,The Hippodrome,,36,Planechase Anthology,English,,,,,
1,Horizon Boughs,,37,Planechase Anthology,English,,,,,
1,Immersturm,,38,Planechase Anthology,English,,,,,
1,Isle of Vesuva,,39,Planechase Anthology,English,,,,,
1,Izzet Steam Maze,,40,Planechase Anthology,English,,,,,
1,Jund,,41,Planechase Anthology,English,,,,,
1,Kessig,,42,Planechase Anthology,English,,,,,
1,Kharasha Foothills,,43,Planechase Anthology,English,,,,,
1,Kilnspire District,,44,Planechase Anthology,English,,,,,
1,Krosa,,45,Planechase Anthology,English,,,,,
1,Lair of the Ashen Idol,,46,Planechase Anthology,English,,,,,
1,Lethe Lake,,47,Planechase Anthology,English,,,,,
1,Llanowar,,48,Planechase Anthology,English,,,,,
1,The Maelstrom,,49,Planechase Anthology,English,,,,,
1,Minamo,,50,Planechase Anthology,English,,,,,
1,Mirrored Depths,,51,Planechase Anthology,English,,,,,
1,Mount Keralia,,52,Planechase Anthology,English,,,,,
1,Murasa,,53,Planechase Anthology,English,,,,,
1,Naar Isle,,54,Planechase Anthology,English,,,,,
1,Naya,,55,Planechase Anthology,English,,,,,
1,Nephalia,,56,Planechase Anthology,English,,,,,
1,Norn's Dominion,,57,Planechase Anthology,English,,,,,
1,Onakke Catacomb,,58,Planechase Anthology,English,,,,,
1,Orochi Colony,,59,Planechase Anthology,English,,,,,
1,Orzhova,,60,Planechase Anthology,English,,,,,
1,Otaria,,61,Planechase Anthology,English,,,,,
1,Panopticon,,62,Planechase Anthology,English,,,,,
1,Pools of Becoming,,63,Planechase Anthology,English,,,,,
1,Prahv,,64,Planechase Anthology,English,,,,,
1,Quicksilver Sea,,65,Planechase Anthology,English,,,,,
1,Raven's Run,,66,Planechase Anthology,English,,,,,
1,Sanctum of Serra,,67,Planechase Anthology,English,,,,,
1,Sea of Sand,,68,Planechase Anthology,English,,,,,
1,Selesnya Loft Gardens,,69,Planechase Anthology,English,,,,,
1,Shiv,,70,Planechase Anthology,English,,,,,
1,Skybreen,,71,Planechase Anthology,English,,,,,
1,Sokenzan,,72,Planechase Anthology,English,,,,,
1,Stairs to Infinity,,73,Planechase Anthology,English,,,,,
1,Stensia,,74,Planechase Anthology,English,,,,,
1,Stronghold Furnace,,75,Planechase Anthology,English,,,,,
1,Takenuma,,76,Planechase Anthology,English,,,,,
1,Talon Gates,,77,Planechase Anthology,English,,,,,
1,Tazeem,,78,Planechase Anthology,English,,,,,
1,Tember City,,79,Planechase Anthology,English,,,,,
1,Trail of the Mage-Rings,,80,Planechase Anthology,English,,,,,
1,Truga Jungle,,81,Planechase Anthology,English,,,,,
1,Turri Island,,82,Planechase Anthology,English,,,,,
1,Undercity Reaches,,83,Planechase Anthology,English,,,,,
1,Velis Vel,,84,Planechase Anthology,English,,,,,
1,Windriddle Palaces,,85,Planechase Anthology,English,,,,,
1,The Zephyr Maze,,86,Planechase Anthology,English,,,,,
